<?xml version="1.0" encoding="UTF-8"?>
<!DOCTYPE mapper PUBLIC "-//mybatis.org//DTD Mapper 3.0//EN" "http://mybatis.org/dtd/mybatis-3-mapper.dtd">
<mapper namespace="com.example.kugou.mapper.MusicMapper">
    <insert id="addMusic" parameterType="Music">
        INSERT INTO t_music VALUES(#{music_id},#{musicName},#{singer},#{musicPath},#{musicAlbum},#{playNumber},#{time},#{musicType},#{annotation});
    </insert>

    <select id="selectMusicLikeMusicType" parameterType="java.util.HashMap" resultType="Music">
        SELECT
        	*
        FROM
        	t_music
        WHERE
        	musicType LIKE #{map.musicType}
        ORDER BY
        	playNumber DESC
        LIMIT #{map.beginIndex},#{map.len};
    </select>

    <select id="queryMusic" parameterType="String" resultType="Music">
           SELECT
           	*
           FROM
           	t_music
           WHERE
           	musicName LIKE #{queryData}
           	OR
           	singer LIKE #{queryData}
           	OR
           	musicAlbum LIKE #{queryData}
           	OR
           	musicType LIKE #{queryData};

    </select>


    <select id="select_t_music_And_t_songList_by_songListName" parameterType="String" resultType="Music">
        SELECT
	        *
        FROM
	        t_music
        WHERE
	        music_id IN (
							SELECT
								music_id
							FROM
								t_music_songlist
							WHERE
								songList_id = (
										SELECT
											songList_id
										FROM
											t_songlist
										WHERE
											songList_name= #{name}
								)
			);
    </select>


	<select id="select_t_music_And_t_Top_by_musicId" resultType="Music" parameterType="Integer">
		SELECT
			*
		FROM
			t_music
		WHERE
			music_id in (
				SELECT
					music_id
				FROM
					t_music_top
				WHERE
					top_id=#{top_id}
			);
	</select>

    <select id="select_limit" resultType="Music" parameterType="Integer">
        SELECT * FROM t_music LIMIT #{a},#{b}
    </select>

</mapper>