<?xml version="1.0" encoding="UTF-8"?>
<!DOCTYPE mapper PUBLIC "-//mybatis.org//DTD Mapper 3.0//EN" "http://mybatis.org/dtd/mybatis-3-mapper.dtd">
<mapper namespace="com.example.kugou.mapper.UserMapper">
    <insert id="addUser"  parameterType="User">
        INSERT INTO t_user VALUES(0,#{userName},#{passWord},#{nickName},#{phone},0,#{sex},null,null,null);
    </insert>

    <select id="select_all" resultType="User">
        SELECT * FROM t_user;
    </select>

    <select id="select_by_user" resultType="User" parameterType="String">
        SELECT
            *
        FROM
            t_user
        WHERE
            userName = #{usernName};
    </select>

    <update id="update_pwd_by_name" parameterType="String">
        update t_user set passWord=#{passWord} where userName=#{userName};
    </update>
</mapper>